platform,listing_id,title,city,bedrooms,bathrooms,beds,price,rating,review_count,amenities_count,minimum_nights,last_scraped
airbnb,1474375658014894640,Cabin in Mayrouba,Mayrouba,2.0,1.0,2.0,543.0,5.0,16.0,31,5.0,2025-11-19 11:35:58
airbnb,1542196639719322486,Villa in Faqra,Faqra,3.0,2.0,5.0,1707.0,5.0,3.0,37,5.0,2025-11-19 11:35:58
airbnb,1526620901894322208,Apartment in Beirut,Beirut,1.0,1.0,2.0,216.0,5.0,3.0,22,5.0,2025-11-19 11:35:58
airbnb,1200706754310956282,Cabin in Chabtine,Chabtine,1.0,1.0,1.0,571.0,4.97,65.0,20,5.0,2025-11-19 11:35:58
airbnb,1393555511912612853,Apartment in Beirut,Beirut,1.0,1.0,1.0,318.0,4.97,32.0,37,5.0,2025-11-19 11:35:58
airbnb,1140028437851170273,Home in Thoum,Thoum,1.0,1.0,1.0,907.0,4.99,92.0,59,5.0,2025-11-19 11:35:58
airbnb,50951229,Cabin in Ghosta,Ghosta,1.0,1.0,3.0,931.0,4.91,270.0,50,5.0,2025-11-19 11:36:11
airbnb,860022470286788492,Apartment in Beirut,Beirut,1.0,1.0,1.0,206.0,4.92,203.0,19,5.0,2025-11-19 11:36:17
airbnb,51958257,Apartment in Beirut,Beirut,,1.0,,181.0,4.65,149.0,35,5.0,2025-11-19 11:36:16
airbnb,1336161051901418069,Room in Beirut,Beirut,,,,143.0,5.0,10.0,40,5.0,2025-11-19 11:36:13
airbnb,1469580820931453378,Apartment in Matn District,Matn District,2.0,2.0,3.0,336.0,5.0,8.0,25,5.0,2025-11-19 11:36:15
airbnb,1367454417262211663,Apartment in Kfar Chima,Kfar Chima,1.0,1.0,1.0,175.0,5.0,29.0,38,5.0,2025-11-19 11:36:18
airbnb,1483341455648208072,Windmill in Bekhaz,Bekhaz,1.0,1.0,1.0,1290.0,5.0,15.0,32,5.0,2025-11-19 11:36:24
airbnb,1116360101825630816,Treehouse in Ain El Teffaha,Ain El Teffaha,1.0,1.0,1.0,600.0,4.91,45.0,46,5.0,2025-11-19 11:36:28
airbnb,1482715045302974884,Apartment in Beirut,Beirut,1.0,1.0,1.0,299.0,5.0,8.0,22,5.0,2025-11-19 11:36:27
airbnb,1067517698267983660,Dome in Bmahari,Bmahari,1.0,1.0,2.0,879.0,4.93,41.0,40,5.0,2025-11-19 11:36:28
airbnb,720309330648717583,Loft in Batroun,Batroun,1.0,1.0,1.0,628.0,4.87,89.0,31,5.0,2025-11-19 11:36:28
airbnb,1357279954750483052,Apartment in Kasslik,Kasslik,1.0,2.0,1.0,278.0,4.33,43.0,28,5.0,2025-11-19 11:36:33
airbnb,786705204215300490,Apartment in El Baouchriye,El Baouchriye,1.0,1.0,1.0,261.0,5.0,176.0,65,5.0,2025-11-19 11:36:39
airbnb,1388893008097079104,Apartment in Byblos,Byblos,,1.0,,,5.0,6.0,32,,2025-11-19 11:36:42
airbnb,1379827130972348424,Apartment in Beirut,Beirut,,1.0,,,4.88,41.0,18,,2025-11-19 11:36:41
airbnb,623582248484880172,Apartment in Dekwaneh,Dekwaneh,,1.0,,531.0,5.0,,50,5.0,2025-11-19 11:36:40
airbnb,1044707546418172805,Apartment in Beirut,Beirut,1.0,1.0,1.0,406.0,4.99,151.0,64,5.0,2025-11-19 11:36:41
airbnb,638012133133712562,,Beirut,,1.0,,,4.93,,36,,2025-11-19 11:36:51
airbnb,1391446678988962837,,Baabdat,,2.0,,,5.0,,45,,2025-11-19 11:36:52
airbnb,1379849636320947673,,Beirut,,1.0,,,4.94,,21,,2025-11-19 11:36:54
airbnb,1451349986406860748,Guesthouse in Aarbet Qozhaiya,Aarbet Qozhaiya,,2.0,,,5.0,19.0,33,,2025-11-19 11:36:48
airbnb,1416643617472452568,,Beirut,,1.0,,,4.94,,41,,2025-11-19 11:37:01
airbnb,1452920247913087384,,Beirut,,1.0,,,4.75,,43,,2025-11-19 11:37:01
airbnb,1208028496458568662,,Beirut,,3.0,,,5.0,,41,,2025-11-19 11:37:04
airbnb,1450880219487584862,,Thoum,,1.0,,,5.0,,39,,2025-11-19 11:37:07
airbnb,850383083280721844,,Ain El Teffaha,,1.0,,,4.98,,57,,2025-11-19 11:37:04
airbnb,658487491649480623,,Beirut,,1.0,,,4.96,,34,,2025-11-19 11:37:09
airbnb,1049302917511989325,,Kour,,2.0,,,4.97,,40,,2025-11-19 11:37:15
airbnb,1181690028125624305,,Beirut,,1.0,,,5.0,,41,,2025-11-19 11:37:15
airbnb,23067932,,Aajaltoûn,,1.0,,,4.96,,39,,2025-11-19 11:37:17
airbnb,1497927588851648559,Apartment in Beirut,Beirut,2.0,1.0,2.0,300.0,5.0,9.0,7,5.0,2025-11-19 11:37:19
airbnb,1078322817736761874,Home in Kfardebian,Kfardebian,3.0,2.0,4.0,798.0,4.96,51.0,70,5.0,2025-11-19 11:37:20
airbnb,25467794,Apartment in Beirut,Beirut,1.0,1.0,1.0,600.0,4.78,207.0,33,5.0,2025-11-19 11:37:26
airbnb,1370086909921275457,Apartment in Beirut,Beirut,1.0,1.0,1.0,272.0,4.43,21.0,44,5.0,2025-11-19 11:37:28
airbnb,1379854654098793257,Apartment in Beirut,Beirut,1.0,1.0,1.0,270.0,4.97,30.0,19,5.0,2025-11-19 11:37:30
airbnb,877989105132746446,Apartment in Beirut,Beirut,1.0,1.0,1.0,640.0,4.94,52.0,31,5.0,2025-11-19 11:37:29
airbnb,1415820136887933408,Apartment in Chouaifet El Qoubbeh,Chouaifet El Qoubbeh,1.0,1.0,1.0,214.0,4.95,20.0,38,5.0,2025-11-19 11:37:29
airbnb,758625935855577320,Home in Faqra,Faqra,3.0,3.0,6.0,751.0,4.7,67.0,62,5.0,2025-11-19 11:37:33
airbnb,36997251,Blue suite (Age 15+),Thoum,1.0,1.0,1.0,804.0,5.0,6.0,36,5.0,2025-11-19 11:37:40
airbnb,1526613246560396801,Apartment in Beirut,Beirut,1.0,1.0,2.0,216.0,4.0,,23,5.0,2025-11-19 11:37:43
airbnb,1433979925557632061,Home in Byblos,Byblos,1.0,1.0,1.0,717.0,5.0,19.0,34,5.0,2025-11-19 11:37:43
airbnb,1065350018094181567,Chalet in Rayfoun,Rayfoun,1.0,1.0,1.0,737.0,4.89,46.0,36,5.0,2025-11-19 11:37:43
airbnb,1266583793571029094,Apartment in Mar Roukoz - Dahr El Hossein,Mar Roukoz - Dahr El Hossein,1.0,1.0,1.0,377.0,4.98,47.0,19,5.0,2025-11-19 11:37:46
airbnb,1435478199354139158,Chalet in Fadous,Fadous,1.0,1.0,1.0,525.0,5.0,21.0,14,5.0,2025-11-19 11:37:51
airbnb,1318238654713482336,Apartment in Ain Saadeh,Ain Saadeh,1.0,1.0,1.0,281.0,4.94,18.0,37,5.0,2025-11-19 11:37:54
airbnb,1058087826400700458,Apartment in Beirut,Beirut,3.0,2.0,3.0,828.0,4.95,56.0,45,5.0,2025-11-19 11:37:58
airbnb,1396241596416000127,Apartment in Keserwan District,Keserwan District,1.0,1.0,1.0,365.0,4.94,18.0,53,5.0,2025-11-19 11:37:58
airbnb,1498411984223433602,Apartment in Keserwan District,Keserwan District,1.0,1.0,1.0,219.0,5.0,,40,5.0,2025-11-19 11:38:01
airbnb,704722293277643041,Apartment in Ain Aar,Ain Aar,1.0,1.0,2.0,350.0,4.84,69.0,42,5.0,2025-11-19 11:38:04
airbnb,1374495263771901266,Hotel in Beirut,Beirut,1.0,1.0,1.0,314.0,5.0,13.0,31,5.0,2025-11-19 11:37:59
airbnb,1267932760637550664,Apartment in Byblos,Byblos,1.0,1.0,1.0,383.0,4.73,37.0,47,5.0,2025-11-19 11:38:07
airbnb,1427342357242491009,Guesthouse in Batroun,Batroun,2.0,1.0,3.0,411.0,5.0,20.0,39,5.0,2025-11-19 11:38:09
airbnb,970425894268063863,Apartment in Faqra,Faqra,2.0,2.0,3.0,714.0,5.0,18.0,54,5.0,2025-11-19 11:38:11
airbnb,1379858377997872269,Apartment in Beirut,Beirut,1.0,1.0,1.0,285.0,4.89,19.0,20,5.0,2025-11-19 11:38:16
airbnb,52649124,Apartment in FADAAOUS,FADAAOUS,1.0,1.0,1.0,685.0,4.93,182.0,36,5.0,2025-11-19 11:38:16
airbnb,1178171209681767641,Apartment in Antelias,Antelias,3.0,3.0,3.0,565.0,5.0,11.0,35,5.0,2025-11-19 11:38:20
airbnb,758636989438589801,Villa in Faqra,Faqra,2.0,1.0,3.0,598.0,4.91,108.0,65,5.0,2025-11-19 11:38:23
airbnb,1468550719266051901,Apartment in Keserwan District,Keserwan District,1.0,1.0,1.0,179.0,4.78,9.0,38,5.0,2025-11-19 11:38:23
airbnb,1464951114787821094,Home in Byblos,Byblos,1.0,1.0,1.0,805.0,5.0,12.0,39,5.0,2025-11-19 11:38:26
airbnb,1165152193678286673,Home in Batroun,Batroun,1.0,1.0,3.0,446.0,5.0,43.0,50,5.0,2025-11-19 11:38:29
airbnb,1430290287654338903,Guesthouse in Batroun,Batroun,2.0,1.0,3.0,400.0,5.0,13.0,40,5.0,2025-11-19 11:38:30
airbnb,1185392390727251798,Apartment in Sin el Fil,Sin el Fil,1.0,1.0,1.0,720.0,4.98,43.0,41,5.0,2025-11-19 11:38:32
airbnb,847177459594755103,Apartment in Beirut,Beirut,1.0,1.0,1.0,337.0,4.94,33.0,36,5.0,2025-11-19 11:38:36
airbnb,1505599922676422682,Apartment in Beirut,Beirut,1.0,1.0,2.0,226.0,5.0,4.0,40,5.0,2025-11-19 11:38:36
airbnb,1444351584245716765,Chalet in Fadous,Fadous,1.0,1.0,1.0,457.0,5.0,13.0,8,5.0,2025-11-19 11:38:40
airbnb,766499846322728767,Apartment in Beirut,Beirut,1.0,1.0,1.0,198.0,4.67,107.0,31,5.0,2025-11-19 11:38:43
airbnb,1215820198757469329,Apartment in Ehmej,Ehmej,2.0,2.0,2.0,442.0,5.0,8.0,37,5.0,2025-11-19 11:38:46
airbnb,1471442097368700779,Guesthouse in Matn District,Matn District,1.0,1.0,1.0,428.0,5.0,5.0,32,5.0,2025-11-19 11:38:50
airbnb,1450209197016912841,Apartment in Broummâna,Broummâna,1.0,1.0,2.0,309.0,5.0,11.0,52,5.0,2025-11-19 11:38:53
airbnb,1500715814265431638,Apartment in Beirut,Beirut,3.0,2.0,4.0,708.0,4.83,6.0,33,5.0,2025-11-19 11:38:50
airbnb,1379145109182988322,Apartment in Beirut,Beirut,1.0,1.0,1.0,554.0,5.0,29.0,69,5.0,2025-11-19 11:39:00
airbnb,1379834076410098897,Apartment in Beirut,Beirut,1.0,1.0,1.0,287.0,4.89,44.0,20,5.0,2025-11-19 11:39:00
airbnb,604839642977634458,Loft in Batroun,Batroun,1.0,1.0,1.0,799.0,4.91,116.0,34,5.0,2025-11-19 11:38:57
airbnb,1543017818958381205,Apartment in Kasslik,Kasslik,1.0,1.0,1.0,417.0,5.0,,38,5.0,2025-11-19 11:39:03
airbnb,933281712710412563,Apartment in Kasslik,Kasslik,1.0,1.0,1.0,270.0,4.83,40.0,33,5.0,2025-11-19 11:39:06
airbnb,790650815575717972,Villa in Mayrouba,Mayrouba,1.0,1.0,3.0,1340.0,5.0,18.0,56,5.0,2025-11-19 11:39:08
airbnb,33123246,Apartment in Beirut,Beirut,1.0,1.0,1.0,372.0,4.95,125.0,44,5.0,2025-11-19 11:39:13
airbnb,1230607325190857708,Apartment in Sin el Fil,Sin el Fil,1.0,1.0,1.0,725.0,4.89,57.0,49,5.0,2025-11-19 11:39:13
airbnb,881513318527514472,Villa in Niha,Niha,3.0,2.0,7.0,1188.0,5.0,29.0,44,5.0,2025-11-19 11:39:13
airbnb,1230250829351435302,Apartment in Mtaileb,Mtaileb,2.0,2.0,4.0,405.0,4.95,21.0,51,5.0,2025-11-19 11:39:18
airbnb,1415362455027787410,Apartment in Beirut,Beirut,1.0,1.0,1.0,266.0,5.0,12.0,18,5.0,2025-11-19 11:39:17
airbnb,1463916955699617004,Dome in Himlaya,Himlaya,1.0,1.0,2.0,742.0,4.67,9.0,34,5.0,2025-11-19 11:39:22
airbnb,1463135981831881468,Apartment in Beirut,Beirut,1.0,1.0,1.0,260.0,4.81,16.0,18,5.0,2025-11-19 11:39:26
airbnb,542336323876307421,Apartment in Beirut,Beirut,1.0,1.0,1.0,159.0,4.89,56.0,29,5.0,2025-11-19 11:39:26
airbnb,903389664107229083,Guesthouse in Deir El Qamar,Deir El Qamar,1.0,1.0,3.0,400.0,4.92,64.0,43,5.0,2025-11-19 11:39:30
airbnb,1307166382062118202,Apartment in Hadath,Hadath,2.0,1.0,2.0,317.0,4.97,29.0,59,5.0,2025-11-19 11:39:30
airbnb,53876321,Apartment in Beirut,Beirut,1.0,1.0,1.0,304.0,4.94,53.0,36,5.0,2025-11-19 11:39:34
airbnb,1233562630577093532,Apartment in Matn District,Matn District,3.0,2.0,4.0,460.0,5.0,7.0,46,5.0,2025-11-19 11:39:37
airbnb,714202180028181775,Apartment in Beirut,Beirut,1.0,1.0,1.0,294.0,4.83,80.0,45,5.0,2025-11-19 11:39:41
airbnb,815185320376035596,Villa in Mayrouba,Mayrouba,1.0,1.0,1.0,1550.0,4.91,23.0,63,5.0,2025-11-19 11:39:39
airbnb,1352951838046923264,Apartment in Beirut,Beirut,2.0,1.0,3.0,401.0,4.98,40.0,59,5.0,2025-11-19 11:39:46
airbnb,917978369142995505,Apartment in Achrafieh,Achrafieh,1.0,1.0,1.0,695.0,4.89,91.0,50,5.0,2025-11-19 11:39:48
airbnb,50237992,Apartment in Batroun,Batroun,2.0,1.0,2.0,594.0,4.91,192.0,37,5.0,2025-11-19 11:39:50
airbnb,51726083,Apartment in Beirut,Beirut,,1.0,,175.0,4.75,99.0,37,5.0,2025-11-19 11:39:52
airbnb,872836800724836217,Apartment in Beirut,Beirut,1.0,1.0,1.0,441.0,4.81,43.0,36,5.0,2025-11-19 11:39:53
airbnb,28126246,Apartment in Beirut,Beirut,2.0,2.0,2.0,839.0,4.83,155.0,46,5.0,2025-11-19 11:39:58
airbnb,1228350832145680269,Apartment in Sin el Fil,Sin el Fil,1.0,1.0,1.0,615.0,4.96,54.0,42,5.0,2025-11-19 11:40:00
airbnb,31364366,Comfy Double Room,Beirut,1.0,,1.0,115.0,4.9,52.0,35,5.0,2025-11-19 11:40:03
airbnb,1379864369619925659,Apartment in Beirut,Beirut,1.0,1.0,1.0,270.0,4.92,13.0,21,5.0,2025-11-19 11:40:04
airbnb,1432778638587175372,Apartment in Beirut,Beirut,1.0,1.0,1.0,326.0,4.83,18.0,43,5.0,2025-11-19 11:39:53
airbnb,43074160,Apartment in Beirut,Beirut,1.0,1.0,2.0,342.0,4.72,120.0,25,5.0,2025-11-19 11:40:06
airbnb,1379248016110767944,Apartment in Matn District,Matn District,3.0,1.0,3.0,415.0,5.0,21.0,67,5.0,2025-11-19 11:40:12
airbnb,51957613,Apartment in Beirut,Beirut,,1.0,,193.0,4.65,139.0,38,5.0,2025-11-19 11:40:16
airbnb,1518793502918702279,Guesthouse in Beit Chabeb,Beit Chabeb,1.0,1.0,1.0,331.0,4.5,,33,5.0,2025-11-19 11:40:16
airbnb,1468546177763513106,Apartment in Keserwan District,Keserwan District,1.0,2.0,1.0,273.0,5.0,,41,5.0,2025-11-19 11:40:21
airbnb,987381910261097061,Apartment in Beirut,Beirut,1.0,1.0,1.0,251.0,4.82,11.0,27,5.0,2025-11-19 11:40:25
airbnb,679369796887201392,Apartment in Beirut,Beirut,1.0,1.0,1.0,293.0,4.96,55.0,37,5.0,2025-11-19 11:40:27
airbnb,1176613353237436126,Apartment in Beirut,Beirut,1.0,1.0,1.0,178.0,5.0,16.0,16,5.0,2025-11-19 11:40:25
airbnb,50236857,Apartment in Batroun,Batroun,1.0,1.0,1.0,388.0,4.89,245.0,32,5.0,2025-11-19 11:40:29
airbnb,28000834,Apartment in Baabda,Baabda,2.0,2.0,3.0,423.0,4.84,74.0,40,5.0,2025-11-19 11:40:30
airbnb,1099173752640307342,Apartment in Beirut,Beirut,1.0,1.0,1.0,169.0,4.9,58.0,23,5.0,2025-11-19 11:40:42
airbnb,1385385046248361370,Hotel in Beirut,Beirut,1.0,1.0,1.0,343.0,5.0,13.0,31,5.0,2025-11-19 11:40:34
airbnb,1492156032150400354,Apartment in Beirut,Beirut,1.0,1.0,1.0,270.0,5.0,6.0,36,5.0,2025-11-19 11:40:42
airbnb,1321923425916729599,Guesthouse in Deir El Qamar,Deir El Qamar,1.0,1.0,1.0,417.0,5.0,11.0,21,5.0,2025-11-19 11:40:42
airbnb,1051351332609455605,Apartment in Beirut,Beirut,1.0,1.0,1.0,331.0,4.96,28.0,34,5.0,2025-11-19 11:40:42
airbnb,1403402898880352517,Private + Jacuzzi + Cozy+ Bbq,Haouch Snad,1.0,1.0,1.0,428.0,5.0,10.0,12,5.0,2025-11-19 11:40:53
airbnb,1379843897011567478,Apartment in Beirut,Beirut,1.0,1.0,1.0,345.0,4.89,38.0,21,5.0,2025-11-19 11:40:53
airbnb,35796258,Apartment in Beirut,Beirut,1.0,1.0,1.0,155.0,4.87,204.0,20,5.0,2025-11-19 11:40:53
airbnb,1175384082610027727,Guesthouse in Kfar Aabîda,Kfar Aabîda,1.0,1.0,1.0,297.0,4.87,60.0,25,5.0,2025-11-19 11:40:56
airbnb,1472470052318061493,Apartment in Batroun,Batroun,1.0,1.0,1.0,364.0,4.8,5.0,37,5.0,2025-11-19 11:40:55
airbnb,51726551,Apartment in Beirut,Beirut,,1.0,,198.0,4.68,185.0,32,5.0,2025-11-19 11:40:56
airbnb,1234582966913572669,Apartment in Beirut,Beirut,1.0,1.0,1.0,288.0,5.0,9.0,24,5.0,2025-11-19 11:41:07
airbnb,918197865694883707,Loft in Faqra,Faqra,2.0,1.0,5.0,1016.0,4.85,47.0,50,5.0,2025-11-19 11:41:07
airbnb,1316120809476692490,Apartment in Jumayza,Jumayza,1.0,1.0,1.0,620.0,4.98,46.0,35,5.0,2025-11-19 11:41:07
airbnb,951174510347859458,Home in Batroun,Batroun,3.0,2.0,3.0,1269.0,4.96,75.0,46,5.0,2025-11-19 11:41:14
airbnb,1426889854186151522,Cabin in Ain Al Sindianeh-khenchara,Ain Al Sindianeh-khenchara,1.0,2.0,1.0,575.0,5.0,8.0,28,5.0,2025-11-19 11:41:15
airbnb,1202893888826618235,Apartment in Beirut,Beirut,1.0,1.0,2.0,292.0,5.0,5.0,15,5.0,2025-11-19 11:41:25
airbnb,26287591,Chalet in El Barouk,El Barouk,1.0,1.0,1.0,628.0,4.85,34.0,8,5.0,2025-11-19 11:41:25
airbnb,1114435928490337667,Cave in Chemlane,Chemlane,3.0,2.0,4.0,352.0,5.0,15.0,23,5.0,2025-11-19 11:41:30
airbnb,1412297978357202089,Apartment in Beirut,Beirut,1.0,1.0,1.0,276.0,4.75,8.0,15,5.0,2025-11-19 11:41:30
airbnb,27935911,Apartment in Chenan Aair,Chenan Aair,2.0,2.0,2.0,370.0,4.9,127.0,46,5.0,2025-11-19 11:41:38
airbnb,1227459216847702759,Apartment in Beirut,Beirut,1.0,1.0,1.0,177.0,5.0,,5,5.0,2025-11-19 11:41:40
airbnb,1066101276595249256,Apartment in Beirut,Beirut,3.0,2.0,4.0,582.0,5.0,15.0,67,5.0,2025-11-19 11:41:41
airbnb,709376209976524156,Apartment in Matn District,Matn District,1.0,1.0,1.0,451.0,4.98,44.0,21,5.0,2025-11-19 11:41:42
airbnb,1517989345959542091,Home in Majdel Baana,Majdel Baana,1.0,2.0,2.0,377.0,5.0,,36,5.0,2025-11-19 11:41:54
airbnb,1216784802950275430,Apartment in Beirut,Beirut,2.0,1.0,4.0,428.0,4.97,39.0,55,5.0,2025-11-19 11:41:56
airbnb,1498412981448743138,Apartment in Keserwan District,Keserwan District,1.0,1.0,1.0,200.0,5.0,,40,5.0,2025-11-19 11:41:59
airbnb,860197172861169767,Apartment in Furn El Chebbak,Furn El Chebbak,2.0,2.0,3.0,223.0,4.85,20.0,22,5.0,2025-11-19 11:42:02
airbnb,6666945,Loft in Beirut,Beirut,2.0,4.0,2.0,931.0,4.91,35.0,49,5.0,2025-11-19 11:42:11
airbnb,688115896369593579,Apartment in Al-Mansuriyya,Al-Mansuriyya,3.0,4.0,4.0,337.0,4.86,42.0,22,6.0,2025-11-19 11:42:10
airbnb,53862247,Apartment in Haret Sakher,Haret Sakher,1.0,1.0,2.0,388.0,4.99,69.0,54,5.0,2025-11-19 11:42:12
airbnb,1362971179654898452,Apartment in Jumayza,Jumayza,1.0,1.0,1.0,445.0,4.92,39.0,41,5.0,2025-11-19 11:42:16
airbnb,1035240333029153195,Skyline Sanctuary,Beirut,1.0,0.0,1.0,161.0,4.88,32.0,29,5.0,2025-11-19 11:42:23
airbnb,1000324394372795692,Apartment in Beirut,Beirut,2.0,2.0,3.0,955.0,4.95,40.0,63,5.0,2025-11-19 11:42:22
airbnb,557963501445698987,Apartment in Beirut,Beirut,3.0,2.0,4.0,1210.0,4.92,87.0,48,5.0,2025-11-19 11:42:32
airbnb,682198475881321192,Villa in Baadrane,Baadrane,2.0,1.0,4.0,856.0,4.96,27.0,36,5.0,2025-11-19 11:42:31
airbnb,53123663,Apartment in Beirut,Beirut,1.0,1.0,1.0,420.0,4.88,56.0,29,5.0,2025-11-19 11:42:32
airbnb,1185416201177763021,Apartment in Dekwaneh,Dekwaneh,2.0,2.0,3.0,543.0,5.0,14.0,71,5.0,2025-11-19 11:42:32
airbnb,874441783036133989,Apartment in Beirut,Beirut,1.0,1.0,1.0,543.0,4.83,12.0,39,5.0,2025-11-19 11:42:40
airbnb,31775104,Apartment in Beirut,Beirut,2.0,1.0,2.0,294.0,4.66,146.0,45,5.0,2025-11-19 11:42:44
airbnb,13302941,Loft in Monteverde,Monteverde,2.0,1.0,2.0,580.0,4.91,118.0,70,5.0,2025-11-19 11:42:49
airbnb,933047852046012780,Apartment in Kasslik,Kasslik,1.0,1.0,1.0,270.0,4.79,34.0,38,5.0,2025-11-19 11:42:49
airbnb,778769237776449040,Apartment in Beirut,Beirut,1.0,1.0,2.0,310.0,4.97,29.0,26,5.0,2025-11-19 11:42:56
airbnb,964358779187975460,Apartment in Mar Mikhael,Mar Mikhael,1.0,1.0,1.0,340.0,4.83,121.0,38,5.0,2025-11-19 11:42:52
airbnb,1190284713996120026,Guesthouse in Deir El Qamar,Deir El Qamar,5.0,4.0,9.0,1861.0,5.0,18.0,39,5.0,2025-11-19 11:43:03
airbnb,725779457035104824,Apartment in Byblos,Byblos,2.0,1.0,3.0,395.0,4.71,42.0,39,5.0,2025-11-19 11:43:03
airbnb,1498343057819001088,Apartment in Keserwan District,Keserwan District,1.0,1.0,1.0,218.0,5.0,,39,5.0,2025-11-19 11:43:09
airbnb,814261904025324391,Apartment in Zakrit,Zakrit,1.0,1.0,1.0,229.0,4.85,33.0,45,5.0,2025-11-19 11:43:09
airbnb,539672764228684702,Apartment in Beirut,Beirut,1.0,1.0,1.0,169.0,4.87,119.0,29,5.0,2025-11-19 11:43:15
airbnb,51721121,Apartment in Beirut,Beirut,3.0,3.0,3.0,793.0,4.89,91.0,39,5.0,2025-11-19 11:43:15
airbnb,39084409,Nov 22 – 27,Beirut,1.0,,1.0,74.0,4.88,108.0,24,5.0,2025-11-19 11:43:23
airbnb,1336173125437867318,"The backpacker’s bunk - Private room, shared flat.",Beirut,1.0,,1.0,110.0,4.91,22.0,38,5.0,2025-11-19 11:43:22
airbnb,660052490607694766,Apartment in Beirut,Beirut,1.0,1.0,1.0,319.0,4.62,104.0,36,5.0,2025-11-19 11:43:32
airbnb,871419491933756274,Apartment in Mar Mikhael,Mar Mikhael,1.0,1.0,1.0,407.0,4.87,102.0,41,5.0,2025-11-19 11:43:28
airbnb,655529266675477596,Apartment in Beirut,Beirut,2.0,1.0,2.0,505.0,5.0,85.0,60,5.0,2025-11-19 11:43:32
airbnb,31796168,Apartment in Beirut,Beirut,2.0,1.0,2.0,294.0,4.82,108.0,44,5.0,2025-11-19 11:43:36
airbnb,882530573534913881,Just Need a Place to Sleep in badaro beirut,Beirut,1.0,,1.0,94.0,4.74,19.0,15,5.0,2025-11-19 11:43:45
airbnb,1475935068249754248,Apartment in Beirut,Beirut,1.0,2.0,1.0,415.0,5.0,3.0,20,5.0,2025-11-19 11:43:47
airbnb,1167189354305661309,Apartment in Beirut,Beirut,2.0,1.0,3.0,377.0,5.0,3.0,31,5.0,2025-11-19 11:43:50
airbnb,924711354092763703,Home in El Ftaha,El Ftaha,2.0,3.0,6.0,1393.0,5.0,21.0,36,5.0,2025-11-19 11:43:50
airbnb,968232188192433347,Apartment in Beirut,Beirut,1.0,1.0,2.0,249.0,4.71,14.0,17,5.0,2025-11-19 11:43:57
airbnb,578651102195772154,Loft in Beirut,Beirut,1.0,1.0,1.0,385.0,4.79,53.0,28,5.0,2025-11-19 11:44:03
airbnb,1051305321040166014,Apartment in Beirut,Beirut,1.0,1.0,1.0,181.0,4.89,36.0,25,5.0,2025-11-19 11:44:05
airbnb,1033116311427738993,Apartment in Beirut,Beirut,1.0,1.0,1.0,377.0,4.74,27.0,39,5.0,2025-11-19 11:44:07
airbnb,48190860,Apartment in Kfardebian,Kfardebian,2.0,2.0,4.0,605.0,4.82,82.0,68,5.0,2025-11-19 11:44:13
airbnb,1379839331789666456,Apartment in Beirut,Beirut,1.0,1.0,1.0,300.0,4.86,7.0,19,5.0,2025-11-19 11:44:09
airbnb,1312369790465003054,Apartment in Zakrit,Zakrit,2.0,2.0,4.0,204.0,4.86,14.0,49,5.0,2025-11-19 11:44:20
airbnb,1389597490207218874,Apartment in Beirut,Beirut,2.0,1.0,3.0,285.0,4.83,12.0,34,5.0,2025-11-19 11:44:22
airbnb,1451307135783467315,Casa Bassel,Tripoli District,1.0,1.0,1.0,75.0,5.0,,10,5.0,2025-11-19 11:44:30
airbnb,1338185933243856243,Apartment in Beirut,Beirut,2.0,2.0,3.0,897.0,4.75,16.0,51,5.0,2025-11-19 11:44:25
airbnb,1139961068675108749,Apartment in Beirut,Beirut,1.0,1.0,2.0,257.0,4.95,55.0,41,5.0,2025-11-19 11:44:32
airbnb,1122563211312042844,Condo in Balluna,Balluna,3.0,2.0,4.0,385.0,4.67,6.0,55,5.0,2025-11-19 11:44:38
airbnb,914189227072980415,Apartment in Fanar,Fanar,2.0,2.0,3.0,420.0,4.75,16.0,32,5.0,2025-11-19 11:44:38
airbnb,1497912727159293015,Apartment in Beirut,Beirut,1.0,1.0,1.0,273.0,5.0,8.0,8,5.0,2025-11-19 11:44:41
airbnb,1035371365953004973,Apartment in Beirut,Beirut,1.0,1.0,1.0,233.0,4.65,34.0,41,5.0,2025-11-19 11:44:45
airbnb,1452751965685343795,Apartment in حازمية,حازمية,2.0,3.0,3.0,891.0,5.0,,46,5.0,2025-11-19 11:44:47
airbnb,28974047,Apartment in Mar Mikhael,Mar Mikhael,3.0,1.0,4.0,456.0,4.84,116.0,29,5.0,2025-11-19 11:44:49
airbnb,600139965802675985,Apartment in Beirut,Beirut,1.0,1.0,2.0,400.0,4.91,78.0,64,5.0,2025-11-19 11:44:54
airbnb,1515843814145614203,Apartment in Beirut,Beirut,1.0,1.0,2.0,390.0,5.0,,37,5.0,2025-11-19 11:44:55
airbnb,22132990,Guesthouse in Beirut,Beirut,,1.0,1.0,480.0,4.95,145.0,22,5.0,2025-11-19 11:45:02
airbnb,994185145779030289,Apartment in Beirut,Beirut,2.0,1.0,4.0,377.0,4.72,25.0,51,5.0,2025-11-19 11:45:03
airbnb,664468577262467820,Apartment in Smare Jbeil,Smare Jbeil,1.0,1.0,1.0,291.0,5.0,18.0,39,5.0,2025-11-19 11:45:13
airbnb,1202754990592502021,Apartment in Aley,Aley,1.0,1.0,1.0,265.0,5.0,,30,5.0,2025-11-19 11:45:07
airbnb,586078543349791024,Cottage in Ed Debbiye,Ed Debbiye,2.0,1.0,4.0,383.0,5.0,23.0,37,5.0,2025-11-19 11:45:16
airbnb,1071554185757283679,Areca Room,Beirut,1.0,,6.0,155.0,4.6,5.0,36,5.0,2025-11-19 11:45:12
airbnb,697691917904180376,Loft in Mtaileb,Mtaileb,1.0,1.0,1.0,200.0,5.0,60.0,35,5.0,2025-11-19 11:45:23
airbnb,1350706856019325889,Home in Batroun,Batroun,1.0,1.0,1.0,423.0,5.0,51.0,26,5.0,2025-11-19 11:45:25
airbnb,53413386,Vacation home in Batroun,,1.0,1.0,2.0,320.0,,43.0,45,5.0,2025-11-19 11:45:28
airbnb,1375962812280568950,Apartment in Beirut,Beirut,1.0,1.0,1.0,538.0,5.0,12.0,40,5.0,2025-11-19 11:45:28
airbnb,837727110642066344,Guesthouse in Fadous,Fadous,1.0,1.0,3.0,434.0,4.96,48.0,26,5.0,2025-11-19 11:45:33
airbnb,27625128,Loft in Jounieh,Jounieh,1.0,1.0,2.0,611.0,4.96,49.0,56,5.0,2025-11-19 11:45:39
airbnb,1456575830202418778,Apartment in Broummâna,Broummâna,2.0,1.0,3.0,433.0,5.0,,42,5.0,2025-11-19 11:45:42
airbnb,897761713596694665,Apartment in Beirut,Beirut,2.0,1.0,2.0,337.0,4.92,38.0,46,5.0,2025-11-19 11:45:46
airbnb,767096584740989815,Apartment in Beirut,Beirut,2.0,2.0,2.0,887.0,4.95,75.0,35,5.0,2025-11-19 11:45:48
airbnb,643214194867796490,Chalet in Batroun,Batroun,2.0,1.0,4.0,297.0,4.92,39.0,43,5.0,2025-11-19 11:45:54
airbnb,1428912724416160759,Home in Byblos,Byblos,1.0,1.0,1.0,717.0,4.93,28.0,34,5.0,2025-11-19 11:45:58
airbnb,1498342030957978869,Apartment in Keserwan District,Keserwan District,1.0,1.0,1.0,189.0,,,39,5.0,2025-11-19 11:46:00
airbnb,1408500464834321005,Apartment in Chtaura,Chtaura,2.0,2.0,3.0,355.0,5.0,3.0,6,5.0,2025-11-19 11:46:04
airbnb,979742466777100485,Home in Bezbina,Bezbina,2.0,2.0,3.0,514.0,5.0,,31,5.0,2025-11-19 11:46:05
airbnb,1543214382280848040,Apartment in Batroun,Batroun,1.0,1.0,1.0,239.0,5.0,,22,5.0,2025-11-19 11:46:14
airbnb,1416449187433861292,Apartment in Naqqache,Naqqache,3.0,2.0,4.0,451.0,5.0,,42,5.0,2025-11-19 11:46:09
airbnb,51957896,Apartment in Beirut,Beirut,,1.0,,191.0,4.74,107.0,31,5.0,2025-11-19 11:46:15
airbnb,33208905,Guest suite in Beirut,Beirut,,1.0,,213.0,4.69,85.0,39,5.0,2025-11-19 11:46:19
airbnb,857946494576482714,Apartment in Beirut,Beirut,1.0,1.0,1.0,347.0,4.92,78.0,37,5.0,2025-11-19 11:46:22
airbnb,1517922123413860238,Apartment in Jal El Dib,Jal El Dib,3.0,2.0,5.0,394.0,5.0,,36,5.0,2025-11-19 11:46:21
airbnb,688817933439477894,Apartment in Beirut,Beirut,3.0,3.0,3.0,261.0,4.91,22.0,23,5.0,2025-11-19 11:46:27
airbnb,49592774,Apartment in Kfardebian,Kfardebian,2.0,1.0,2.0,548.0,5.0,14.0,43,5.0,2025-11-19 11:46:27
airbnb,812009692551330050,Apartment in Beirut,Beirut,1.0,1.0,1.0,203.0,4.62,79.0,33,5.0,2025-11-19 11:46:26
airbnb,1146300778590593675,Apartment in Beirut,Beirut,1.0,1.0,4.0,282.0,5.0,54.0,57,5.0,2025-11-19 11:46:37
airbnb,53654894,Apartment in Beirut,Beirut,1.0,1.0,1.0,293.0,4.94,72.0,33,5.0,2025-11-19 11:46:39
airbnb,1508636882518660634,Home in Haqel,Haqel,2.0,2.0,4.0,955.0,4.8,5.0,48,5.0,2025-11-19 11:46:41
airbnb,818052749723907679,Apartment in Byblos,Byblos,2.0,2.0,4.0,252.0,4.77,31.0,44,5.0,2025-11-19 11:46:42
airbnb,902152901324345102,Apartment in Jdeideh,Jdeideh,3.0,1.0,4.0,399.0,5.0,62.0,68,5.0,2025-11-19 11:46:48
airbnb,794018943468339697,Apartment in Blat,Blat,2.0,1.0,3.0,369.0,5.0,59.0,51,5.0,2025-11-19 11:46:52
airbnb,1450559262902995002,Apartment in Broummâna,Broummâna,1.0,2.0,2.0,366.0,5.0,10.0,56,5.0,2025-11-19 11:46:57
airbnb,52747291,Chalet in Chekka,Chekka,2.0,1.0,2.0,571.0,4.96,69.0,17,5.0,2025-11-19 11:46:59
airbnb,47281082,Boutique hotel in Jounieh,Jounieh,1.0,1.0,1.0,350.0,5.0,16.0,45,5.0,2025-11-19 11:46:58
airbnb,645429136446909956,Home in Ehmej,Ehmej,2.0,1.0,4.0,970.0,5.0,10.0,27,5.0,2025-11-19 11:47:04
airbnb,1110954937820169348,Apartment in Beirut,Beirut,1.0,1.0,1.0,543.0,5.0,55.0,71,5.0,2025-11-19 11:47:11
airbnb,1498411984223769189,Apartment in Keserwan District,Keserwan District,1.0,1.0,1.0,183.0,5.0,,38,5.0,2025-11-19 11:47:10
airbnb,1542663026104667552,Apartment in Beirut,Beirut,2.0,1.0,3.0,325.0,5.0,,11,5.0,2025-11-19 11:47:15
airbnb,51839389,Apartment in Beirut,Beirut,,1.0,,173.0,4.69,122.0,37,5.0,2025-11-19 11:47:16
airbnb,1367393200123477315,Apartment in Beirut,Beirut,1.0,1.0,1.0,382.0,4.97,34.0,45,5.0,2025-11-19 11:47:21
airbnb,817107637699176423,Tiny home in Deir El Qamar,Deir El Qamar,1.0,,1.0,400.0,4.95,37.0,57,5.0,2025-11-19 11:47:22
airbnb,1438471626381067399,Guesthouse in Ehden,Ehden,1.0,1.0,1.0,765.0,5.0,9.0,38,5.0,2025-11-19 11:47:29
airbnb,1203667813056697948,Home in Douma,Douma,4.0,4.0,6.0,899.0,4.65,26.0,29,5.0,2025-11-19 11:47:28
airbnb,1521713531696188555,Apartment in Beit Mery,Beit Mery,3.0,2.0,4.0,351.0,5.0,3.0,44,5.0,2025-11-19 11:47:35
airbnb,1228336460793071454,Apartment in Batroun,Batroun,2.0,3.0,4.0,408.0,4.97,35.0,46,5.0,2025-11-19 11:47:35
airbnb,52432501,Apartment in Beirut,Beirut,1.0,1.0,1.0,280.0,4.67,18.0,18,5.0,2025-11-19 11:47:42
airbnb,1404323834751621152,Apartment in Beirut,Beirut,2.0,2.0,3.0,759.0,5.0,8.0,40,5.0,2025-11-19 11:47:42
airbnb,701308425303737068,Apartment in Beirut,Beirut,1.0,1.0,1.0,363.0,4.7,119.0,25,5.0,2025-11-19 11:47:48
airbnb,51957652,Apartment in Beirut,Beirut,,1.0,,209.0,4.64,85.0,35,5.0,2025-11-19 11:47:47
airbnb,960535245624888590,Apartment in Beirut,Beirut,1.0,1.0,1.0,450.0,4.93,14.0,39,5.0,2025-11-19 11:47:54
airbnb,1450073809219943938,Guesthouse in Ijdabra,Ijdabra,1.0,1.0,1.0,543.0,5.0,17.0,22,5.0,2025-11-19 11:47:55
airbnb,1432662855135740774,Chalet in Fadous,Fadous,1.0,1.0,1.0,531.0,4.96,26.0,17,5.0,2025-11-19 11:48:01
airbnb,1157205931529630614,Home in Aajaltoûn,Aajaltoûn,2.0,2.0,2.0,414.0,5.0,34.0,48,5.0,2025-11-19 11:48:01
airbnb,643148297216914056,Bungalow in Douma,Douma,1.0,1.0,6.0,503.0,4.89,28.0,45,5.0,2025-11-19 11:48:06
airbnb,620809666276880473,Home in Broummâna,Broummâna,3.0,3.0,4.0,1072.0,5.0,43.0,59,5.0,2025-11-19 11:48:07
airbnb,51725976,Apartment in Beirut,Beirut,,1.0,,185.0,4.73,139.0,33,5.0,2025-11-19 11:48:11
airbnb,49592312,Apartment in Chemlane,Chemlane,2.0,2.0,3.0,362.0,4.91,66.0,54,5.0,2025-11-19 11:48:12
airbnb,872945137428687368,Apartment in Beirut,Beirut,1.0,1.0,1.0,472.0,4.91,22.0,40,5.0,2025-11-19 11:48:16
airbnb,761083,Home in Qboula,Qboula,2.0,2.0,5.0,166.0,4.79,29.0,44,5.0,2025-11-19 11:48:27
airbnb,1004283777650031994,Apartment in Beirut,Beirut,1.0,1.0,2.0,351.0,4.97,74.0,44,5.0,2025-11-19 11:48:23
airbnb,1282465807365759057,Apartment in Beirut,Beirut,1.0,1.0,1.0,313.0,5.0,11.0,44,5.0,2025-11-19 11:48:27
airbnb,49428799,Apartment in Beirut,Beirut,1.0,1.0,1.0,338.0,4.9,48.0,45,5.0,2025-11-19 11:48:28
airbnb,1338121016486447246,Apartment in Beirut,Beirut,,1.0,1.0,147.0,5.0,5.0,28,5.0,2025-11-19 11:48:35
airbnb,35335996,Apartment in Dbayeh,Dbayeh,1.0,1.0,1.0,446.0,4.93,107.0,32,5.0,2025-11-19 11:48:47
airbnb,1480240790742450141,Apartment in El Baouchriye,El Baouchriye,3.0,2.0,4.0,308.0,5.0,,53,5.0,2025-11-19 11:48:44
airbnb,1025090614906290435,Apartment in Byblos,Byblos,1.0,2.0,3.0,415.0,4.78,9.0,10,5.0,2025-11-19 11:48:46
airbnb,1303512572290135833,Cave in Hâlât,Hâlât,,1.0,1.0,209.0,4.89,19.0,24,5.0,2025-11-19 11:48:45
airbnb,1408876700467464271,Guesthouse in Chabtine,Chabtine,2.0,2.0,2.0,1712.0,5.0,,22,5.0,2025-11-19 11:48:55
airbnb,1126185428681951378,Bungalow in El Jahliye,El Jahliye,1.0,1.0,1.0,560.0,5.0,12.0,33,5.0,2025-11-19 11:48:57
airbnb,1555081091951541015,Apartment in Batroun,Batroun,1.0,1.0,1.0,320.0,5.0,3.0,23,5.0,2025-11-19 11:49:03
airbnb,1079364037651668174,Home in Kfardebian,Kfardebian,4.0,3.0,6.0,918.0,4.73,49.0,69,5.0,2025-11-19 11:49:11
